10000,Hlavní město Praha
10100,Hlavní město Praha
10200,Hlavní město Praha
10300,Hlavní město Praha
10400,Hlavní město Praha
10600,Hlavní město Praha
10700,Hlavní město Praha
10800,Hlavní město Praha
10900,Hlavní město Praha
11000,Hlavní město Praha
11101,Hlavní město Praha
11800,Hlavní město Praha
11900,Hlavní město Praha
12000,Hlavní město Praha
12800,Hlavní město Praha
13000,Hlavní město Praha
14000,Hlavní město Praha
14100,Hlavní město Praha
14200,Hlavní město Praha
14300,Hlavní město Praha
14700,Hlavní město Praha
14800,Hlavní město Praha
14900,Hlavní město Praha
14900,Středočeský kraj
15000,Hlavní město Praha
15200,Hlavní město Praha
15300,Hlavní město Praha
15400,Hlavní město Praha
15500,Hlavní město Praha
15521,Hlavní město Praha
15531,Hlavní město Praha
15600,Hlavní město Praha
15800,Hlavní město Praha
15900,Hlavní město Praha
16000,Hlavní město Praha
16100,Hlavní město Praha
16200,Hlavní město Praha
16300,Hlavní město Praha
16400,Hlavní město Praha
16500,Hlavní město Praha
16900,Hlavní město Praha
17000,Hlavní město Praha
17100,Hlavní město Praha
18000,Hlavní město Praha
18100,Hlavní město Praha
18200,Hlavní město Praha
18400,Hlavní město Praha
18600,Hlavní město Praha
19000,Hlavní město Praha
19011,Hlavní město Praha
19012,Hlavní město Praha
19014,Hlavní město Praha
19015,Hlavní město Praha
19016,Hlavní město Praha
19017,Hlavní město Praha
19300,Hlavní město Praha
19600,Hlavní město Praha
19700,Hlavní město Praha
19800,Hlavní město Praha
19900,Hlavní město Praha
25001,Středočeský kraj
25061,Středočeský kraj
25063,Středočeský kraj
25064,Středočeský kraj
25065,Středočeský kraj
25066,Středočeský kraj
25067,Středočeský kraj
25068,Středočeský kraj
25069,Středočeský kraj
25070,Středočeský kraj
25072,Středočeský kraj
25073,Středočeský kraj
25074,Středočeský kraj
25075,Středočeský kraj
25081,Středočeský kraj
25082,Středočeský kraj
25083,Středočeský kraj
25084,Středočeský kraj
25085,Středočeský kraj
25087,Středočeský kraj
25088,Středočeský kraj
25089,Středočeský kraj
25090,Středočeský kraj
25091,Středočeský kraj
25092,Středočeský kraj
25101,Středočeský kraj
25162,Středočeský kraj
25163,Středočeský kraj
25164,Středočeský kraj
25165,Středočeský kraj
25166,Středočeský kraj
25167,Středočeský kraj
25168,Středočeský kraj
25169,Středočeský kraj
25202,Středočeský kraj
25203,Středočeský kraj
25204,Středočeský kraj
25205,Středočeský kraj
25206,Středočeský kraj
25207,Středočeský kraj
25208,Středočeský kraj
25209,Středočeský kraj
25210,Středočeský kraj
25216,Středočeský kraj
25217,Středočeský kraj
25218,Středočeský kraj
25219,Středočeský kraj
25225,Středočeský kraj
25226,Hlavní město Praha
25226,Středočeský kraj
25228,Hlavní město Praha
25228,Středočeský kraj
25229,Středočeský kraj
25230,Středočeský kraj
25231,Středočeský kraj
25241,Středočeský kraj
25242,Středočeský kraj
25243,Středočeský kraj
25244,Středočeský kraj
25245,Středočeský kraj
25246,Středočeský kraj
25250,Středočeský kraj
25261,Středočeský kraj
25262,Středočeský kraj
25263,Středočeský kraj
25264,Středočeský kraj
25265,Středočeský kraj
25266,Středočeský kraj
25267,Středočeský kraj
25268,Středočeský kraj
25281,Středočeský kraj
25282,Středočeský kraj
25301,Středočeský kraj
25303,Středočeský kraj
25401,Středočeský kraj
25601,Středočeský kraj
25701,Středočeský kraj
25703,Středočeský kraj
25705,Středočeský kraj
25706,Středočeský kraj
25708,Středočeský kraj
25709,Středočeský kraj
25721,Středočeský kraj
25722,Středočeský kraj
25723,Středočeský kraj
25724,Středočeský kraj
25726,Středočeský kraj
25728,Středočeský kraj
25741,Středočeský kraj
25742,Středočeský kraj
25744,Středočeský kraj
25751,Středočeský kraj
25753,Středočeský kraj
25755,Středočeský kraj
25756,Středočeský kraj
25763,Středočeský kraj
25764,Středočeský kraj
25765,Středočeský kraj
25766,Středočeský kraj
25768,Středočeský kraj
25771,Středočeský kraj
25786,Středočeský kraj
25787,Středočeský kraj
25788,Středočeský kraj
25789,Středočeský kraj
25791,Středočeský kraj
25801,Středočeský kraj
25901,Středočeský kraj
26101,Středočeský kraj
26202,Středočeský kraj
26203,Středočeský kraj
26204,Středočeský kraj
26205,Středočeský kraj
26206,Středočeský kraj
26211,Středočeský kraj
26212,Středočeský kraj
26213,Středočeský kraj
26214,Středočeský kraj
26215,Středočeský kraj
26221,Středočeský kraj
26222,Středočeský kraj
26223,Středočeský kraj
26225,Středočeský kraj
26231,Středočeský kraj
26232,Středočeský kraj
26241,Středočeský kraj
26242,Jihočeský kraj
26242,Středočeský kraj
26243,Středočeský kraj
26244,Středočeský kraj
26251,Středočeský kraj
26252,Středočeský kraj
26255,Středočeský kraj
26256,Středočeský kraj
26261,Středočeský kraj
26262,Středočeský kraj
26263,Středočeský kraj
26272,Středočeský kraj
26281,Středočeský kraj
26284,Středočeský kraj
26285,Středočeský kraj
26291,Středočeský kraj
26293,Středočeský kraj
26301,Středočeský kraj
26401,Středočeský kraj
26601,Středočeský kraj
26701,Středočeský kraj
26703,Středočeský kraj
26705,Středočeský kraj
26706,Středočeský kraj
26707,Středočeský kraj
26711,Středočeský kraj
26712,Středočeský kraj
26716,Středočeský kraj
26717,Středočeský kraj
26718,Středočeský kraj
26721,Středočeský kraj
26722,Středočeský kraj
26723,Středočeský kraj
26724,Středočeský kraj
26725,Středočeský kraj
26726,Středočeský kraj
26727,Středočeský kraj
26728,Středočeský kraj
26729,Středočeský kraj
26741,Středočeský kraj
26742,Středočeský kraj
26743,Středočeský kraj
26751,Středočeský kraj
26753,Středočeský kraj
26754,Středočeský kraj
26761,Středočeský kraj
26762,Středočeský kraj
26763,Středočeský kraj
26764,Středočeský kraj
26801,Středočeský kraj
26901,Středočeský kraj
27001,Středočeský kraj
27002,Středočeský kraj
27004,Středočeský kraj
27006,Středočeský kraj
27007,Středočeský kraj
27008,Středočeský kraj
27009,Středočeský kraj
27021,Středočeský kraj
27023,Středočeský kraj
27024,Středočeský kraj
27031,Středočeský kraj
27032,Středočeský kraj
27033,Středočeský kraj
27034,Středočeský kraj
27035,Středočeský kraj
27036,Středočeský kraj
27041,Středočeský kraj
27042,Středočeský kraj
27051,Středočeský kraj
27052,Středočeský kraj
27053,Středočeský kraj
27054,Středočeský kraj
27055,Středočeský kraj
27061,Středočeský kraj
27062,Středočeský kraj
27064,Středočeský kraj
27065,Středočeský kraj
27101,Středočeský kraj
27201,Středočeský kraj
27203,Středočeský kraj
27204,Středočeský kraj
27301,Středočeský kraj
27302,Středočeský kraj
27303,Středočeský kraj
27304,Středočeský kraj
27305,Středočeský kraj
27306,Středočeský kraj
27307,Středočeský kraj
27308,Středočeský kraj
27309,Středočeský kraj
27321,Středočeský kraj
27322,Středočeský kraj
27323,Středočeský kraj
27324,Středočeský kraj
27325,Středočeský kraj
27326,Středočeský kraj
27327,Středočeský kraj
27328,Středočeský kraj
27329,Středočeský kraj
27341,Středočeský kraj
27342,Středočeský kraj
27343,Středočeský kraj
27345,Středočeský kraj
27351,Středočeský kraj
27353,Středočeský kraj
27354,Středočeský kraj
27361,Středočeský kraj
27362,Středočeský kraj
27363,Středočeský kraj
27364,Středočeský kraj
27371,Středočeský kraj
27372,Středočeský kraj
27373,Středočeský kraj
27374,Středočeský kraj
27375,Středočeský kraj
27376,Středočeský kraj
27377,Středočeský kraj
27378,Středočeský kraj
27379,Středočeský kraj
27401,Středočeský kraj
27601,Středočeský kraj
27701,Středočeský kraj
27703,Středočeský kraj
27704,Středočeský kraj
27705,Středočeský kraj
27706,Středočeský kraj
27707,Středočeský kraj
27708,Středočeský kraj
27711,Středočeský kraj
27713,Středočeský kraj
27714,Středočeský kraj
27715,Středočeský kraj
27716,Středočeský kraj
27721,Středočeský kraj
27723,Středočeský kraj
27724,Středočeský kraj
27731,Středočeský kraj
27732,Středočeský kraj
27733,Středočeský kraj
27734,Středočeský kraj
27735,Středočeský kraj
27736,Středočeský kraj
27737,Středočeský kraj
27738,Středočeský kraj
27741,Středočeský kraj
27742,Středočeský kraj
27743,Středočeský kraj
27744,Středočeský kraj
27745,Středočeský kraj
27746,Středočeský kraj
27751,Středočeský kraj
27752,Středočeský kraj
27801,Středočeský kraj
28002,Středočeský kraj
28101,Středočeský kraj
28102,Středočeský kraj
28103,Středočeský kraj
28104,Středočeský kraj
28106,Středočeský kraj
28107,Středočeský kraj
28121,Středočeský kraj
28123,Středočeský kraj
28125,Středočeský kraj
28126,Pardubický kraj
28126,Středočeský kraj
28127,Středočeský kraj
28128,Středočeský kraj
28129,Středočeský kraj
28130,Středočeský kraj
28141,Středočeský kraj
28143,Středočeský kraj
28144,Středočeský kraj
28146,Středočeský kraj
28151,Středočeský kraj
28161,Středočeský kraj
28162,Středočeský kraj
28163,Středočeský kraj
28166,Středočeský kraj
28167,Středočeský kraj
28171,Středočeský kraj
28201,Středočeský kraj
28401,Středočeský kraj
28403,Středočeský kraj
28404,Středočeský kraj
28501,Středočeský kraj
28502,Středočeský kraj
28504,Středočeský kraj
28506,Středočeský kraj
28507,Středočeský kraj
28509,Středočeský kraj
28510,Středočeský kraj
28511,Středočeský kraj
28521,Středočeský kraj
28522,Středočeský kraj
28523,Středočeský kraj
28525,Středočeský kraj
28531,Středočeský kraj
28532,Středočeský kraj
28533,Středočeský kraj
28541,Středočeský kraj
28542,Středočeský kraj
28543,Středočeský kraj
28545,Středočeský kraj
28546,Středočeský kraj
28547,Středočeský kraj
28561,Středočeský kraj
28562,Středočeský kraj
28563,Středočeský kraj
28564,Středočeský kraj
28565,Středočeský kraj
28571,Středočeský kraj
28572,Středočeský kraj
28573,Středočeský kraj
28574,Středočeský kraj
28575,Středočeský kraj
28576,Středočeský kraj
28601,Středočeský kraj
28802,Středočeský kraj
28901,Středočeský kraj
28902,Středočeský kraj
28903,Středočeský kraj
28904,Středočeský kraj
28905,Středočeský kraj
28906,Středočeský kraj
28907,Středočeský kraj
28908,Středočeský kraj
28911,Středočeský kraj
28912,Středočeský kraj
28913,Středočeský kraj
28914,Středočeský kraj
28915,Středočeský kraj
28916,Středočeský kraj
28917,Středočeský kraj
28921,Středočeský kraj
28922,Středočeský kraj
28923,Středočeský kraj
28924,Středočeský kraj
28925,Středočeský kraj
28926,Středočeský kraj
28931,Středočeský kraj
28932,Středočeský kraj
28933,Středočeský kraj
28934,Středočeský kraj
28935,Středočeský kraj
28936,Středočeský kraj
28937,Středočeský kraj
28941,Středočeský kraj
29001,Středočeský kraj
29301,Středočeský kraj
29306,Středočeský kraj
29307,Středočeský kraj
29401,Středočeský kraj
29402,Středočeský kraj
29403,Středočeský kraj
29404,Královéhradecký kraj
29404,Středočeský kraj
29405,Středočeský kraj
29406,Středočeský kraj
29411,Středočeský kraj
29412,Středočeský kraj
29413,Liberecký kraj
29413,Středočeský kraj
29414,Středočeský kraj
29415,Středočeský kraj
29421,Středočeský kraj
29423,Středočeský kraj
29424,Středočeský kraj
29425,Středočeský kraj
29426,Středočeský kraj
29427,Středočeský kraj
29428,Středočeský kraj
29429,Středočeský kraj
29430,Středočeský kraj
29431,Středočeský kraj
29441,Středočeský kraj
29442,Středočeský kraj
29443,Středočeský kraj
29445,Středočeský kraj
29446,Středočeský kraj
29447,Středočeský kraj
29448,Středočeský kraj
29471,Středočeský kraj
29473,Středočeský kraj
29474,Středočeský kraj
29475,Středočeský kraj
29476,Středočeský kraj
29477,Středočeský kraj
29478,Středočeský kraj
29479,Středočeský kraj
29501,Liberecký kraj
29501,Středočeský kraj
30100,Plzeňský kraj
31200,Plzeňský kraj
31600,Plzeňský kraj
31800,Plzeňský kraj
32100,Plzeňský kraj
32200,Plzeňský kraj
32300,Plzeňský kraj
32600,Plzeňský kraj
33001,Plzeňský kraj
33002,Plzeňský kraj
33003,Plzeňský kraj
33005,Plzeňský kraj
33007,Plzeňský kraj
33008,Plzeňský kraj
33011,Plzeňský kraj
33012,Plzeňský kraj
33013,Plzeňský kraj
33014,Plzeňský kraj
33016,Plzeňský kraj
33017,Plzeňský kraj
33021,Plzeňský kraj
33022,Plzeňský kraj
33023,Plzeňský kraj
33024,Plzeňský kraj
33025,Plzeňský kraj
33026,Plzeňský kraj
33027,Plzeňský kraj
33032,Plzeňský kraj
33033,Plzeňský kraj
33035,Plzeňský kraj
33036,Plzeňský kraj
33038,Plzeňský kraj
33040,Plzeňský kraj
33041,Plzeňský kraj
33101,Plzeňský kraj
33141,Plzeňský kraj
33144,Plzeňský kraj
33151,Plzeňský kraj
33152,Plzeňský kraj
33162,Plzeňský kraj
33165,Plzeňský kraj
33201,Plzeňský kraj
33202,Plzeňský kraj
33203,Plzeňský kraj
33204,Plzeňský kraj
33205,Plzeňský kraj
33207,Plzeňský kraj
33209,Plzeňský kraj
33211,Plzeňský kraj
33214,Plzeňský kraj
33301,Plzeňský kraj
33401,Plzeňský kraj
33441,Plzeňský kraj
33442,Plzeňský kraj
33443,Plzeňský kraj
33444,Plzeňský kraj
33452,Plzeňský kraj
33453,Plzeňský kraj
33454,Plzeňský kraj
33455,Plzeňský kraj
33501,Plzeňský kraj
33503,Plzeňský kraj
33541,Plzeňský kraj
33543,Plzeňský kraj
33544,Plzeňský kraj
33546,Plzeňský kraj
33547,Plzeňský kraj
33551,Plzeňský kraj
33554,Plzeňský kraj
33555,Plzeňský kraj
33561,Plzeňský kraj
33563,Plzeňský kraj
33564,Plzeňský kraj
33601,Plzeňský kraj
33701,Plzeňský kraj
33801,Plzeňský kraj
33805,Plzeňský kraj
33806,Plzeňský kraj
33808,Plzeňský kraj
33821,Plzeňský kraj
33822,Plzeňský kraj
33824,Plzeňský kraj
33828,Plzeňský kraj
33841,Plzeňský kraj
33842,Plzeňský kraj
33843,Plzeňský kraj
33844,Plzeňský kraj
33845,Plzeňský kraj
33901,Plzeňský kraj
34004,Plzeňský kraj
34012,Plzeňský kraj
34021,Plzeňský kraj
34022,Plzeňský kraj
34034,Plzeňský kraj
34101,Plzeňský kraj
34142,Plzeňský kraj
34192,Plzeňský kraj
34201,Jihočeský kraj
34201,Plzeňský kraj
34401,Plzeňský kraj
34501,Plzeňský kraj
34502,Plzeňský kraj
34506,Plzeňský kraj
34507,Plzeňský kraj
34509,Plzeňský kraj
34521,Plzeňský kraj
34522,Plzeňský kraj
34525,Plzeňský kraj
34526,Plzeňský kraj
34532,Plzeňský kraj
34533,Plzeňský kraj
34534,Plzeňský kraj
34535,Plzeňský kraj
34543,Plzeňský kraj
34545,Plzeňský kraj
34561,Plzeňský kraj
34562,Plzeňský kraj
34601,Plzeňský kraj
34701,Plzeňský kraj
34801,Plzeňský kraj
34802,Plzeňský kraj
34806,Plzeňský kraj
34813,Plzeňský kraj
34815,Plzeňský kraj
34901,Plzeňský kraj
34952,Plzeňský kraj
34953,Plzeňský kraj
34958,Plzeňský kraj
34961,Plzeňský kraj
35002,Karlovarský kraj
35101,Karlovarský kraj
35124,Karlovarský kraj
35131,Karlovarský kraj
35132,Karlovarský kraj
35134,Karlovarský kraj
35135,Karlovarský kraj
35137,Karlovarský kraj
35201,Karlovarský kraj
35301,Karlovarský kraj
35491,Karlovarský kraj
35493,Karlovarský kraj
35601,Karlovarský kraj
35604,Karlovarský kraj
35701,Karlovarský kraj
35703,Karlovarský kraj
35707,Karlovarský kraj
35708,Karlovarský kraj
35709,Karlovarský kraj
35731,Karlovarský kraj
35733,Karlovarský kraj
35734,Karlovarský kraj
35735,Karlovarský kraj
35751,Karlovarský kraj
35755,Karlovarský kraj
35801,Karlovarský kraj
36001,Karlovarský kraj
36004,Karlovarský kraj
36005,Karlovarský kraj
36006,Karlovarský kraj
36007,Karlovarský kraj
36010,Karlovarský kraj
36017,Karlovarský kraj
36018,Karlovarský kraj
36221,Karlovarský kraj
36222,Karlovarský kraj
36225,Karlovarský kraj
36233,Karlovarský kraj
36234,Karlovarský kraj
36235,Karlovarský kraj
36236,Karlovarský kraj
36251,Karlovarský kraj
36262,Karlovarský kraj
36263,Karlovarský kraj
36272,Karlovarský kraj
36273,Karlovarský kraj
36301,Karlovarský kraj
36401,Karlovarský kraj
36452,Karlovarský kraj
36453,Karlovarský kraj
36461,Karlovarský kraj
36464,Karlovarský kraj
36471,Karlovarský kraj
37001,Jihočeský kraj
37004,Jihočeský kraj
37005,Jihočeský kraj
37006,Jihočeský kraj
37007,Jihočeský kraj
37008,Jihočeský kraj
37010,Jihočeský kraj
37011,Jihočeský kraj
37301,Jihočeský kraj
37302,Jihočeský kraj
37304,Jihočeský kraj
37305,Jihočeský kraj
37311,Jihočeský kraj
37312,Jihočeský kraj
37314,Jihočeský kraj
37315,Jihočeský kraj
37316,Jihočeský kraj
37321,Jihočeský kraj
37322,Jihočeský kraj
37323,Jihočeský kraj
37324,Jihočeský kraj
37331,Jihočeský kraj
37332,Jihočeský kraj
37333,Jihočeský kraj
37335,Jihočeský kraj
37336,Jihočeský kraj
37341,Jihočeský kraj
37343,Jihočeský kraj
37344,Jihočeský kraj
37346,Jihočeský kraj
37347,Jihočeský kraj
37348,Jihočeský kraj
37349,Jihočeský kraj
37350,Jihočeský kraj
37351,Jihočeský kraj
37361,Jihočeský kraj
37362,Jihočeský kraj
37363,Jihočeský kraj
37364,Jihočeský kraj
37365,Jihočeský kraj
37366,Jihočeský kraj
37367,Jihočeský kraj
37371,Jihočeský kraj
37372,Jihočeský kraj
37373,Jihočeský kraj
37381,Jihočeský kraj
37382,Jihočeský kraj
37384,Jihočeský kraj
37401,Jihočeský kraj
37501,Jihočeský kraj
37701,Jihočeský kraj
37801,Jihočeský kraj
37802,Jihočeský kraj
37803,Jihočeský kraj
37804,Jihočeský kraj
37806,Jihočeský kraj
37807,Jihočeský kraj
37808,Jihočeský kraj
37809,Jihočeský kraj
37810,Jihočeský kraj
37816,Jihočeský kraj
37817,Jihočeský kraj
37818,Jihočeský kraj
37821,Jihočeský kraj
37824,Jihočeský kraj
37825,Jihočeský kraj
37826,Jihočeský kraj
37831,Jihočeský kraj
37832,Jihočeský kraj
37833,Jihočeský kraj
37841,Jihočeský kraj
37842,Jihočeský kraj
37843,Jihočeský kraj
37846,Jihočeský kraj
37852,Jihočeský kraj
37853,Jihočeský kraj
37853,Kraj Vysočina
37855,Jihočeský kraj
37856,Jihočeský kraj
37861,Jihočeský kraj
37862,Jihočeský kraj
37871,Jihočeský kraj
37872,Jihočeský kraj
37873,Jihočeský kraj
37881,Jihočeský kraj
37882,Jihočeský kraj
37883,Jihočeský kraj
37891,Jihočeský kraj
37892,Jihočeský kraj
37901,Jihočeský kraj
38001,Jihočeský kraj
38001,Kraj Vysočina
38101,Jihočeský kraj
38201,Jihočeský kraj
38202,Jihočeský kraj
38203,Jihočeský kraj
38206,Jihočeský kraj
38208,Jihočeský kraj
38211,Jihočeský kraj
38216,Jihočeský kraj
38218,Jihočeský kraj
38221,Jihočeský kraj
38222,Jihočeský kraj
38223,Jihočeský kraj
38226,Jihočeský kraj
38229,Jihočeský kraj
38232,Jihočeský kraj
38241,Jihočeský kraj
38242,Jihočeský kraj
38272,Jihočeský kraj
38273,Jihočeský kraj
38276,Jihočeský kraj
38278,Jihočeský kraj
38279,Jihočeský kraj
38281,Jihočeský kraj
38282,Jihočeský kraj
38283,Jihočeský kraj
38291,Jihočeský kraj
38292,Jihočeský kraj
38293,Jihočeský kraj
38301,Jihočeský kraj
38401,Jihočeský kraj
38402,Jihočeský kraj
38403,Jihočeský kraj
38404,Jihočeský kraj
38411,Jihočeský kraj
38421,Jihočeský kraj
38422,Jihočeský kraj
38425,Jihočeský kraj
38426,Jihočeský kraj
38427,Jihočeský kraj
38432,Jihočeský kraj
38433,Jihočeský kraj
38441,Jihočeský kraj
38442,Jihočeský kraj
38443,Jihočeský kraj
38444,Jihočeský kraj
38451,Jihočeský kraj
38462,Jihočeský kraj
38471,Jihočeský kraj
38472,Jihočeský kraj
38473,Jihočeský kraj
38481,Jihočeský kraj
38486,Jihočeský kraj
38491,Jihočeský kraj
38492,Jihočeský kraj
38493,Jihočeský kraj
38501,Jihočeský kraj
38501,Plzeňský kraj
38601,Jihočeský kraj
38701,Jihočeský kraj
38706,Jihočeský kraj
38711,Jihočeský kraj
38715,Jihočeský kraj
38716,Jihočeský kraj
38719,Jihočeský kraj
38731,Jihočeský kraj
38732,Jihočeský kraj
38733,Jihočeský kraj
38734,Jihočeský kraj
38735,Jihočeský kraj
38736,Jihočeský kraj
38737,Jihočeský kraj
38742,Jihočeský kraj
38743,Jihočeský kraj
38751,Jihočeský kraj
38752,Jihočeský kraj
38756,Jihočeský kraj
38771,Jihočeský kraj
38772,Jihočeský kraj
38773,Jihočeský kraj
38775,Jihočeský kraj
38801,Jihočeský kraj
38901,Jihočeský kraj
39001,Jihočeský kraj
39002,Jihočeský kraj
39003,Jihočeský kraj
39005,Jihočeský kraj
39101,Jihočeský kraj
39102,Jihočeský kraj
39111,Jihočeský kraj
39116,Jihočeský kraj
39117,Jihočeský kraj
39118,Jihočeský kraj
39120,Jihočeský kraj
39121,Jihočeský kraj
39126,Jihočeský kraj
39127,Jihočeský kraj
39131,Jihočeský kraj
39132,Jihočeský kraj
39133,Jihočeský kraj
39135,Jihočeský kraj
39136,Jihočeský kraj
39137,Jihočeský kraj
39142,Jihočeský kraj
39143,Jihočeský kraj
39152,Jihočeský kraj
39153,Jihočeský kraj
39155,Jihočeský kraj
39156,Jihočeský kraj
39161,Jihočeský kraj
39162,Jihočeský kraj
39165,Jihočeský kraj
39171,Jihočeský kraj
39172,Jihočeský kraj
39173,Jihočeský kraj
39174,Jihočeský kraj
39175,Jihočeský kraj
39176,Jihočeský kraj
39181,Jihočeský kraj
39201,Jihočeský kraj
39301,Kraj Vysočina
39401,Kraj Vysočina
39403,Kraj Vysočina
39404,Kraj Vysočina
39405,Kraj Vysočina
39409,Kraj Vysočina
39411,Kraj Vysočina
39412,Kraj Vysočina
39413,Kraj Vysočina
39414,Kraj Vysočina
39415,Kraj Vysočina
39421,Kraj Vysočina
39422,Kraj Vysočina
39424,Kraj Vysočina
39426,Kraj Vysočina
39427,Kraj Vysočina
39428,Kraj Vysočina
39443,Kraj Vysočina
39444,Kraj Vysočina
39445,Kraj Vysočina
39446,Kraj Vysočina
39451,Kraj Vysočina
39452,Kraj Vysočina
39456,Kraj Vysočina
39459,Kraj Vysočina
39461,Kraj Vysočina
39462,Kraj Vysočina
39463,Kraj Vysočina
39464,Kraj Vysočina
39468,Kraj Vysočina
39470,Kraj Vysočina
39491,Kraj Vysočina
39492,Kraj Vysočina
39493,Kraj Vysočina
39494,Kraj Vysočina
39495,Kraj Vysočina
39496,Kraj Vysočina
39501,Jihočeský kraj
39501,Kraj Vysočina
39601,Kraj Vysočina
39701,Jihočeský kraj
39801,Jihočeský kraj
39804,Jihočeský kraj
39806,Jihočeský kraj
39807,Jihočeský kraj
39811,Jihočeský kraj
39815,Jihočeský kraj
39816,Jihočeský kraj
39817,Jihočeský kraj
39818,Jihočeský kraj
39819,Jihočeský kraj
39821,Jihočeský kraj
39822,Jihočeský kraj
39831,Jihočeský kraj
39832,Jihočeský kraj
39833,Jihočeský kraj
39834,Jihočeský kraj
39835,Jihočeský kraj
39842,Jihočeský kraj
39843,Jihočeský kraj
39847,Jihočeský kraj
39848,Jihočeský kraj
39851,Jihočeský kraj
39852,Jihočeský kraj
39853,Jihočeský kraj
39855,Jihočeský kraj
39858,Jihočeský kraj
39859,Jihočeský kraj
39901,Jihočeský kraj
39901,Středočeský kraj
40001,Ústecký kraj
40002,Ústecký kraj
40003,Ústecký kraj
40004,Ústecký kraj
40007,Ústecký kraj
40010,Ústecký kraj
40011,Ústecký kraj
40301,Ústecký kraj
40302,Ústecký kraj
40313,Ústecký kraj
40317,Ústecký kraj
40321,Ústecký kraj
40322,Ústecký kraj
40323,Ústecký kraj
40327,Ústecký kraj
40331,Ústecký kraj
40332,Ústecký kraj
40334,Ústecký kraj
40335,Ústecký kraj
40336,Ústecký kraj
40337,Ústecký kraj
40338,Ústecký kraj
40339,Ústecký kraj
40340,Ústecký kraj
40502,Ústecký kraj
40505,Ústecký kraj
40701,Ústecký kraj
40702,Ústecký kraj
40703,Ústecký kraj
40711,Ústecký kraj
40713,Ústecký kraj
40714,Ústecký kraj
40715,Ústecký kraj
40716,Ústecký kraj
40717,Ústecký kraj
40721,Ústecký kraj
40722,Ústecký kraj
40723,Ústecký kraj
40724,Ústecký kraj
40725,Ústecký kraj
40729,Ústecký kraj
40741,Ústecký kraj
40742,Ústecký kraj
40744,Ústecký kraj
40745,Ústecký kraj
40746,Ústecký kraj
40747,Ústecký kraj
40751,Ústecký kraj
40752,Ústecký kraj
40753,Ústecký kraj
40755,Ústecký kraj
40756,Ústecký kraj
40757,Ústecký kraj
40760,Ústecký kraj
40761,Ústecký kraj
40777,Ústecký kraj
40778,Ústecký kraj
40779,Ústecký kraj
40780,Ústecký kraj
40781,Ústecký kraj
40782,Ústecký kraj
40784,Ústecký kraj
40801,Ústecký kraj
41002,Ústecký kraj
41101,Ústecký kraj
41103,Ústecký kraj
41108,Ústecký kraj
41111,Ústecký kraj
41112,Ústecký kraj
41113,Ústecký kraj
41114,Ústecký kraj
41115,Ústecký kraj
41116,Ústecký kraj
41117,Ústecký kraj
41118,Ústecký kraj
41119,Ústecký kraj
41120,Ústecký kraj
41121,Ústecký kraj
41131,Ústecký kraj
41132,Ústecký kraj
41133,Ústecký kraj
41141,Ústecký kraj
41142,Ústecký kraj
41145,Ústecký kraj
41146,Ústecký kraj
41147,Ústecký kraj
41148,Ústecký kraj
41155,Ústecký kraj
41156,Ústecký kraj
41162,Ústecký kraj
41164,Ústecký kraj
41171,Ústecký kraj
41172,Ústecký kraj
41173,Ústecký kraj
41174,Ústecký kraj
41181,Ústecký kraj
41182,Ústecký kraj
41183,Ústecký kraj
41184,Ústecký kraj
41185,Ústecký kraj
41186,Ústecký kraj
41187,Ústecký kraj
41201,Ústecký kraj
41301,Ústecký kraj
41501,Ústecký kraj
41503,Ústecký kraj
41510,Ústecký kraj
41701,Ústecký kraj
41702,Ústecký kraj
41703,Ústecký kraj
41704,Ústecký kraj
41705,Ústecký kraj
41712,Ústecký kraj
41713,Ústecký kraj
41722,Ústecký kraj
41723,Ústecký kraj
41724,Ústecký kraj
41725,Ústecký kraj
41731,Ústecký kraj
41741,Ústecký kraj
41742,Ústecký kraj
41752,Ústecký kraj
41753,Ústecký kraj
41754,Ústecký kraj
41757,Ústecký kraj
41761,Ústecký kraj
41762,Ústecký kraj
41763,Ústecký kraj
41765,Ústecký kraj
41771,Ústecký kraj
41772,Ústecký kraj
41781,Ústecký kraj
41801,Ústecký kraj
41804,Ústecký kraj
41901,Ústecký kraj
43001,Ústecký kraj
43003,Ústecký kraj
43004,Ústecký kraj
43101,Ústecký kraj
43102,Ústecký kraj
43111,Ústecký kraj
43114,Ústecký kraj
43115,Ústecký kraj
43121,Ústecký kraj
43132,Ústecký kraj
43141,Ústecký kraj
43143,Ústecký kraj
43144,Ústecký kraj
43145,Ústecký kraj
43151,Karlovarský kraj
43151,Ústecký kraj
43153,Ústecký kraj
43154,Ústecký kraj
43155,Ústecký kraj
43156,Ústecký kraj
43157,Ústecký kraj
43158,Ústecký kraj
43159,Ústecký kraj
43163,Ústecký kraj
43182,Ústecký kraj
43183,Ústecký kraj
43184,Ústecký kraj
43186,Ústecký kraj
43191,Ústecký kraj
43201,Ústecký kraj
43401,Ústecký kraj
43501,Ústecký kraj
43502,Ústecký kraj
43511,Ústecký kraj
43513,Ústecký kraj
43521,Ústecký kraj
43522,Ústecký kraj
43524,Ústecký kraj
43526,Ústecký kraj
43532,Ústecký kraj
43533,Ústecký kraj
43542,Ústecký kraj
43543,Ústecký kraj
43545,Ústecký kraj
43546,Ústecký kraj
43547,Ústecký kraj
43601,Ústecký kraj
43603,Ústecký kraj
43801,Ústecký kraj
43901,Ústecký kraj
43902,Ústecký kraj
43903,Ústecký kraj
43904,Ústecký kraj
43905,Ústecký kraj
43906,Ústecký kraj
43907,Ústecký kraj
43908,Ústecký kraj
43909,Ústecký kraj
43914,Ústecký kraj
43915,Ústecký kraj
43921,Ústecký kraj
43922,Ústecký kraj
43923,Ústecký kraj
43924,Ústecký kraj
43926,Ústecký kraj
43931,Ústecký kraj
43942,Ústecký kraj
43949,Ústecký kraj
43963,Ústecký kraj
43965,Ústecký kraj
43967,Ústecký kraj
43968,Ústecký kraj
43969,Ústecký kraj
43971,Ústecký kraj
43972,Ústecký kraj
43975,Ústecký kraj
43981,Ústecký kraj
43982,Ústecký kraj
43983,Ústecký kraj
43984,Ústecký kraj
43985,Ústecký kraj
43986,Ústecký kraj
43987,Ústecký kraj
43988,Ústecký kraj
44001,Ústecký kraj
44101,Karlovarský kraj
44101,Ústecký kraj
46001,Liberecký kraj
46005,Liberecký kraj
46006,Liberecký kraj
46007,Liberecký kraj
46008,Liberecký kraj
46010,Liberecký kraj
46014,Liberecký kraj
46015,Liberecký kraj
46303,Liberecký kraj
46311,Liberecký kraj
46312,Liberecký kraj
46331,Liberecký kraj
46334,Liberecký kraj
46342,Liberecký kraj
46343,Liberecký kraj
46344,Liberecký kraj
46345,Liberecký kraj
46346,Liberecký kraj
46348,Liberecký kraj
46352,Liberecký kraj
46353,Liberecký kraj
46362,Liberecký kraj
46365,Liberecký kraj
46373,Liberecký kraj
46401,Liberecký kraj
46601,Liberecký kraj
46602,Liberecký kraj
46604,Liberecký kraj
46605,Liberecký kraj
46606,Liberecký kraj
46801,Liberecký kraj
46802,Liberecký kraj
46803,Liberecký kraj
46804,Liberecký kraj
46811,Liberecký kraj
46812,Liberecký kraj
46821,Liberecký kraj
46822,Liberecký kraj
46824,Liberecký kraj
46825,Liberecký kraj
46826,Liberecký kraj
46827,Liberecký kraj
46833,Liberecký kraj
46841,Liberecký kraj
46843,Liberecký kraj
46844,Liberecký kraj
46845,Liberecký kraj
46846,Liberecký kraj
46847,Liberecký kraj
46848,Liberecký kraj
46849,Liberecký kraj
46850,Liberecký kraj
46851,Liberecký kraj
46861,Liberecký kraj
46871,Liberecký kraj
47001,Liberecký kraj
47002,Liberecký kraj
47006,Liberecký kraj
47101,Liberecký kraj
47102,Liberecký kraj
47103,Liberecký kraj
47104,Liberecký kraj
47105,Liberecký kraj
47106,Liberecký kraj
47107,Liberecký kraj
47108,Liberecký kraj
47111,Liberecký kraj
47112,Liberecký kraj
47113,Liberecký kraj
47114,Liberecký kraj
47115,Liberecký kraj
47116,Liberecký kraj
47117,Liberecký kraj
47118,Liberecký kraj
47121,Liberecký kraj
47123,Liberecký kraj
47124,Liberecký kraj
47125,Liberecký kraj
47126,Liberecký kraj
47127,Liberecký kraj
47128,Liberecký kraj
47129,Liberecký kraj
47141,Liberecký kraj
47151,Liberecký kraj
47152,Liberecký kraj
47153,Liberecký kraj
47154,Liberecký kraj
47155,Liberecký kraj
47156,Liberecký kraj
47157,Liberecký kraj
47158,Liberecký kraj
47161,Liberecký kraj
47162,Liberecký kraj
47163,Liberecký kraj
47167,Liberecký kraj
47201,Liberecký kraj
47301,Liberecký kraj
50002,Královéhradecký kraj
50003,Královéhradecký kraj
50004,Královéhradecký kraj
50006,Královéhradecký kraj
50008,Královéhradecký kraj
50009,Královéhradecký kraj
50011,Královéhradecký kraj
50012,Královéhradecký kraj
50301,Královéhradecký kraj
50302,Královéhradecký kraj
50303,Královéhradecký kraj
50304,Královéhradecký kraj
50305,Královéhradecký kraj
50306,Královéhradecký kraj
50311,Královéhradecký kraj
50312,Královéhradecký kraj
50313,Královéhradecký kraj
50314,Královéhradecký kraj
50315,Královéhradecký kraj
50316,Královéhradecký kraj
50321,Královéhradecký kraj
50322,Královéhradecký kraj
50323,Královéhradecký kraj
50324,Královéhradecký kraj
50325,Královéhradecký kraj
50326,Královéhradecký kraj
50327,Královéhradecký kraj
50331,Královéhradecký kraj
50332,Královéhradecký kraj
50333,Královéhradecký kraj
50341,Královéhradecký kraj
50343,Královéhradecký kraj
50344,Královéhradecký kraj
50346,Královéhradecký kraj
50351,Královéhradecký kraj
50351,Středočeský kraj
50352,Královéhradecký kraj
50353,Královéhradecký kraj
50354,Královéhradecký kraj
50355,Královéhradecký kraj
50356,Královéhradecký kraj
50357,Královéhradecký kraj
50361,Královéhradecký kraj
50362,Královéhradecký kraj
50363,Královéhradecký kraj
50364,Královéhradecký kraj
50365,Královéhradecký kraj
50366,Královéhradecký kraj
50401,Královéhradecký kraj
50601,Královéhradecký kraj
50601,Liberecký kraj
50702,Královéhradecký kraj
50703,Královéhradecký kraj
50704,Královéhradecký kraj
50705,Královéhradecký kraj
50706,Královéhradecký kraj
50707,Královéhradecký kraj
50711,Královéhradecký kraj
50712,Královéhradecký kraj
50713,Královéhradecký kraj
50713,Liberecký kraj
50715,Královéhradecký kraj
50721,Královéhradecký kraj
50722,Královéhradecký kraj
50723,Královéhradecký kraj
50724,Královéhradecký kraj
50731,Královéhradecký kraj
50732,Královéhradecký kraj
50733,Královéhradecký kraj
50734,Královéhradecký kraj
50742,Královéhradecký kraj
50743,Královéhradecký kraj
50744,Královéhradecký kraj
50745,Královéhradecký kraj
50752,Královéhradecký kraj
50753,Královéhradecký kraj
50754,Královéhradecký kraj
50758,Královéhradecký kraj
50759,Královéhradecký kraj
50771,Královéhradecký kraj
50773,Královéhradecký kraj
50777,Královéhradecký kraj
50781,Královéhradecký kraj
50782,Královéhradecký kraj
50791,Královéhradecký kraj
50791,Liberecký kraj
50792,Královéhradecký kraj
50801,Královéhradecký kraj
50901,Královéhradecký kraj
51101,Liberecký kraj
51201,Liberecký kraj
51202,Liberecký kraj
51203,Liberecký kraj
51204,Liberecký kraj
51206,Liberecký kraj
51211,Liberecký kraj
51212,Liberecký kraj
51213,Liberecký kraj
51231,Liberecký kraj
51232,Liberecký kraj
51233,Liberecký kraj
51234,Liberecký kraj
51235,Liberecký kraj
51236,Liberecký kraj
51237,Liberecký kraj
51238,Liberecký kraj
51241,Liberecký kraj
51242,Liberecký kraj
51243,Liberecký kraj
51244,Liberecký kraj
51245,Liberecký kraj
51246,Liberecký kraj
51247,Liberecký kraj
51251,Liberecký kraj
51252,Liberecký kraj
51253,Liberecký kraj
51261,Liberecký kraj
51263,Královéhradecký kraj
51263,Liberecký kraj
51264,Liberecký kraj
51265,Liberecký kraj
51271,Liberecký kraj
51301,Liberecký kraj
51401,Liberecký kraj
51601,Královéhradecký kraj
51603,Královéhradecký kraj
51701,Královéhradecký kraj
51702,Královéhradecký kraj
51703,Královéhradecký kraj
51704,Královéhradecký kraj
51711,Královéhradecký kraj
51712,Královéhradecký kraj
51721,Královéhradecký kraj
51722,Královéhradecký kraj
51723,Královéhradecký kraj
51724,Královéhradecký kraj
51725,Královéhradecký kraj
51731,Královéhradecký kraj
51732,Královéhradecký kraj
51733,Královéhradecký kraj
51734,Královéhradecký kraj
51735,Královéhradecký kraj
51736,Královéhradecký kraj
51741,Královéhradecký kraj
51741,Pardubický kraj
51742,Královéhradecký kraj
51743,Královéhradecký kraj
51745,Královéhradecký kraj
51750,Královéhradecký kraj
51754,Královéhradecký kraj
51755,Královéhradecký kraj
51756,Královéhradecký kraj
51757,Královéhradecký kraj
51761,Královéhradecký kraj
51761,Pardubický kraj
51764,Královéhradecký kraj
51771,Královéhradecký kraj
51772,Královéhradecký kraj
51773,Královéhradecký kraj
51783,Královéhradecký kraj
51784,Královéhradecký kraj
51791,Královéhradecký kraj
51792,Královéhradecký kraj
51793,Královéhradecký kraj
51801,Královéhradecký kraj
51803,Královéhradecký kraj
53002,Pardubický kraj
53003,Pardubický kraj
53006,Pardubický kraj
53009,Pardubický kraj
53012,Pardubický kraj
53301,Pardubický kraj
53303,Pardubický kraj
53304,Pardubický kraj
53305,Pardubický kraj
53311,Pardubický kraj
53312,Pardubický kraj
53313,Pardubický kraj
53314,Pardubický kraj
53315,Pardubický kraj
53316,Pardubický kraj
53321,Pardubický kraj
53322,Pardubický kraj
53332,Pardubický kraj
53333,Pardubický kraj
53341,Pardubický kraj
53342,Pardubický kraj
53343,Pardubický kraj
53344,Pardubický kraj
53345,Pardubický kraj
53351,Pardubický kraj
53352,Pardubický kraj
53353,Pardubický kraj
53354,Pardubický kraj
53361,Pardubický kraj
53362,Pardubický kraj
53363,Pardubický kraj
53364,Pardubický kraj
53371,Pardubický kraj
53372,Pardubický kraj
53373,Pardubický kraj
53374,Pardubický kraj
53375,Pardubický kraj
53401,Pardubický kraj
53501,Pardubický kraj
53701,Pardubický kraj
53703,Pardubický kraj
53705,Pardubický kraj
53801,Pardubický kraj
53802,Pardubický kraj
53803,Pardubický kraj
53804,Pardubický kraj
53805,Pardubický kraj
53807,Pardubický kraj
53821,Pardubický kraj
53823,Pardubický kraj
53824,Pardubický kraj
53825,Pardubický kraj
53826,Pardubický kraj
53831,Pardubický kraj
53832,Pardubický kraj
53833,Pardubický kraj
53834,Pardubický kraj
53835,Pardubický kraj
53836,Pardubický kraj
53841,Pardubický kraj
53842,Pardubický kraj
53843,Pardubický kraj
53845,Pardubický kraj
53851,Pardubický kraj
53854,Pardubický kraj
53861,Pardubický kraj
53862,Pardubický kraj
53863,Pardubický kraj
53864,Pardubický kraj
53865,Pardubický kraj
53901,Kraj Vysočina
53901,Pardubický kraj
53941,Pardubický kraj
53942,Pardubický kraj
53943,Pardubický kraj
53944,Pardubický kraj
53945,Pardubický kraj
53952,Pardubický kraj
53953,Pardubický kraj
53955,Pardubický kraj
53956,Pardubický kraj
53957,Pardubický kraj
53961,Pardubický kraj
53962,Pardubický kraj
53971,Pardubický kraj
53972,Pardubický kraj
53973,Pardubický kraj
53974,Pardubický kraj
53976,Pardubický kraj
54101,Královéhradecký kraj
54102,Královéhradecký kraj
54103,Královéhradecký kraj
54201,Královéhradecký kraj
54203,Královéhradecký kraj
54204,Královéhradecký kraj
54211,Královéhradecký kraj
54212,Královéhradecký kraj
54213,Královéhradecký kraj
54221,Královéhradecký kraj
54223,Královéhradecký kraj
54224,Královéhradecký kraj
54225,Královéhradecký kraj
54226,Královéhradecký kraj
54227,Královéhradecký kraj
54232,Královéhradecký kraj
54233,Královéhradecký kraj
54234,Královéhradecký kraj
54235,Královéhradecký kraj
54236,Královéhradecký kraj
54237,Královéhradecký kraj
54242,Královéhradecký kraj
54301,Královéhradecký kraj
54302,Královéhradecký kraj
54303,Královéhradecký kraj
54341,Královéhradecký kraj
54342,Královéhradecký kraj
54344,Královéhradecký kraj
54351,Královéhradecký kraj
54352,Královéhradecký kraj
54361,Královéhradecký kraj
54362,Královéhradecký kraj
54371,Královéhradecký kraj
54372,Královéhradecký kraj
54373,Královéhradecký kraj
54374,Královéhradecký kraj
54375,Královéhradecký kraj
54376,Královéhradecký kraj
54377,Královéhradecký kraj
54401,Královéhradecký kraj
54404,Královéhradecký kraj
54442,Královéhradecký kraj
54443,Královéhradecký kraj
54451,Královéhradecký kraj
54452,Královéhradecký kraj
54454,Královéhradecký kraj
54455,Královéhradecký kraj
54461,Královéhradecký kraj
54462,Královéhradecký kraj
54464,Královéhradecký kraj
54466,Královéhradecký kraj
54472,Královéhradecký kraj
54474,Královéhradecký kraj
54475,Královéhradecký kraj
54477,Královéhradecký kraj
54701,Královéhradecký kraj
54901,Královéhradecký kraj
54906,Královéhradecký kraj
54907,Královéhradecký kraj
54908,Královéhradecký kraj
54911,Královéhradecký kraj
54912,Královéhradecký kraj
54921,Královéhradecký kraj
54922,Královéhradecký kraj
54923,Královéhradecký kraj
54931,Královéhradecký kraj
54932,Královéhradecký kraj
54934,Královéhradecký kraj
54936,Královéhradecký kraj
54937,Královéhradecký kraj
54941,Královéhradecký kraj
54946,Královéhradecký kraj
54947,Královéhradecký kraj
54948,Královéhradecký kraj
54952,Královéhradecký kraj
54954,Královéhradecký kraj
54955,Královéhradecký kraj
54956,Královéhradecký kraj
54957,Královéhradecký kraj
54962,Královéhradecký kraj
54963,Královéhradecký kraj
54964,Královéhradecký kraj
54971,Královéhradecký kraj
54972,Královéhradecký kraj
54973,Královéhradecký kraj
54974,Královéhradecký kraj
54981,Královéhradecký kraj
54982,Královéhradecký kraj
54983,Královéhradecký kraj
54984,Královéhradecký kraj
55001,Královéhradecký kraj
55101,Královéhradecký kraj
55102,Královéhradecký kraj
55203,Královéhradecký kraj
55204,Královéhradecký kraj
55205,Královéhradecký kraj
55211,Královéhradecký kraj
55212,Královéhradecký kraj
55221,Královéhradecký kraj
55222,Královéhradecký kraj
55224,Královéhradecký kraj
55225,Královéhradecký kraj
56002,Pardubický kraj
56101,Pardubický kraj
56102,Pardubický kraj
56112,Pardubický kraj
56113,Pardubický kraj
56114,Pardubický kraj
56115,Pardubický kraj
56116,Pardubický kraj
56117,Pardubický kraj
56118,Pardubický kraj
56122,Pardubický kraj
56123,Pardubický kraj
56124,Pardubický kraj
56125,Pardubický kraj
56131,Pardubický kraj
56132,Pardubický kraj
56133,Pardubický kraj
56134,Pardubický kraj
56141,Pardubický kraj
56151,Pardubický kraj
56152,Pardubický kraj
56153,Pardubický kraj
56154,Pardubický kraj
56155,Pardubický kraj
56156,Pardubický kraj
56161,Pardubický kraj
56162,Pardubický kraj
56163,Pardubický kraj
56164,Pardubický kraj
56165,Pardubický kraj
56166,Pardubický kraj
56167,Pardubický kraj
56168,Pardubický kraj
56169,Pardubický kraj
56170,Pardubický kraj
56181,Pardubický kraj
56182,Pardubický kraj
56184,Pardubický kraj
56185,Pardubický kraj
56186,Pardubický kraj
56201,Pardubický kraj
56203,Pardubický kraj
56204,Pardubický kraj
56206,Pardubický kraj
56301,Pardubický kraj
56401,Pardubický kraj
56501,Pardubický kraj
56542,Pardubický kraj
56543,Pardubický kraj
56544,Pardubický kraj
56552,Pardubický kraj
56553,Pardubický kraj
56555,Pardubický kraj
56601,Pardubický kraj
56802,Pardubický kraj
56901,Pardubický kraj
56902,Pardubický kraj
56903,Pardubický kraj
56904,Pardubický kraj
56905,Pardubický kraj
56906,Pardubický kraj
56907,Pardubický kraj
56911,Pardubický kraj
56912,Pardubický kraj
56914,Pardubický kraj
56921,Pardubický kraj
56922,Pardubický kraj
56923,Pardubický kraj
56924,Pardubický kraj
56932,Pardubický kraj
56933,Pardubický kraj
56934,Pardubický kraj
56935,Pardubický kraj
56941,Pardubický kraj
56942,Pardubický kraj
56943,Pardubický kraj
56944,Pardubický kraj
56951,Pardubický kraj
56953,Pardubický kraj
56955,Pardubický kraj
56956,Pardubický kraj
56957,Pardubický kraj
56961,Pardubický kraj
56962,Pardubický kraj
56963,Pardubický kraj
56965,Pardubický kraj
56966,Pardubický kraj
56967,Pardubický kraj
56971,Pardubický kraj
56972,Pardubický kraj
56973,Pardubický kraj
56974,Pardubický kraj
56982,Pardubický kraj
56991,Pardubický kraj
56992,Pardubický kraj
56993,Pardubický kraj
56994,Pardubický kraj
57001,Pardubický kraj
57101,Pardubický kraj
57201,Pardubický kraj
58001,Kraj Vysočina
58221,Kraj Vysočina
58222,Kraj Vysočina
58223,Kraj Vysočina
58224,Kraj Vysočina
58231,Kraj Vysočina
58232,Kraj Vysočina
58233,Kraj Vysočina
58234,Kraj Vysočina
58235,Kraj Vysočina
58241,Kraj Vysočina
58242,Kraj Vysočina
58243,Kraj Vysočina
58244,Kraj Vysočina
58245,Kraj Vysočina
58251,Kraj Vysočina
58252,Kraj Vysočina
58253,Kraj Vysočina
58254,Kraj Vysočina
58255,Kraj Vysočina
58256,Kraj Vysočina
58257,Kraj Vysočina
58261,Kraj Vysočina
58262,Kraj Vysočina
58263,Kraj Vysočina
58264,Kraj Vysočina
58265,Kraj Vysočina
58266,Kraj Vysočina
58271,Kraj Vysočina
58272,Kraj Vysočina
58273,Kraj Vysočina
58274,Kraj Vysočina
58276,Kraj Vysočina
58277,Kraj Vysočina
58281,Kraj Vysočina
58282,Kraj Vysočina
58283,Kraj Vysočina
58286,Kraj Vysočina
58287,Kraj Vysočina
58291,Kraj Vysočina
58292,Kraj Vysočina
58293,Kraj Vysočina
58294,Kraj Vysočina
58301,Kraj Vysočina
58401,Kraj Vysočina
58601,Kraj Vysočina
58603,Kraj Vysočina
58801,Kraj Vysočina
58805,Kraj Vysočina
58811,Kraj Vysočina
58812,Kraj Vysočina
58813,Kraj Vysočina
58821,Kraj Vysočina
58822,Kraj Vysočina
58823,Kraj Vysočina
58824,Kraj Vysočina
58825,Kraj Vysočina
58826,Kraj Vysočina
58827,Kraj Vysočina
58831,Kraj Vysočina
58832,Kraj Vysočina
58833,Kraj Vysočina
58834,Kraj Vysočina
58835,Kraj Vysočina
58841,Kraj Vysočina
58842,Kraj Vysočina
58844,Kraj Vysočina
58845,Kraj Vysočina
58851,Kraj Vysočina
58852,Kraj Vysočina
58854,Kraj Vysočina
58856,Kraj Vysočina
58861,Kraj Vysočina
58862,Kraj Vysočina
58864,Kraj Vysočina
58865,Kraj Vysočina
58866,Kraj Vysočina
58867,Kraj Vysočina
58901,Kraj Vysočina
59101,Kraj Vysočina
59102,Kraj Vysočina
59201,Kraj Vysočina
59202,Kraj Vysočina
59203,Kraj Vysočina
59204,Kraj Vysočina
59211,Kraj Vysočina
59212,Kraj Vysočina
59213,Kraj Vysočina
59214,Kraj Vysočina
59221,Kraj Vysočina
59231,Kraj Vysočina
59232,Kraj Vysočina
59233,Kraj Vysočina
59241,Kraj Vysočina
59242,Kraj Vysočina
59244,Kraj Vysočina
59245,Kraj Vysočina
59251,Kraj Vysočina
59252,Kraj Vysočina
59253,Kraj Vysočina
59254,Kraj Vysočina
59255,Kraj Vysočina
59256,Kraj Vysočina
59257,Kraj Vysočina
59261,Jihomoravský kraj
59262,Jihomoravský kraj
59262,Kraj Vysočina
59263,Kraj Vysočina
59264,Kraj Vysočina
59265,Kraj Vysočina
59266,Kraj Vysočina
59301,Jihomoravský kraj
59301,Kraj Vysočina
59401,Kraj Vysočina
59441,Kraj Vysočina
59442,Kraj Vysočina
59444,Kraj Vysočina
59445,Kraj Vysočina
59451,Jihomoravský kraj
59451,Kraj Vysočina
59452,Kraj Vysočina
59453,Jihomoravský kraj
59453,Kraj Vysočina
59454,Kraj Vysočina
59455,Jihomoravský kraj
59456,Jihomoravský kraj
59457,Kraj Vysočina
59458,Kraj Vysočina
59461,Kraj Vysočina
59501,Kraj Vysočina
60200,Jihomoravský kraj
60300,Jihomoravský kraj
61200,Jihomoravský kraj
61300,Jihomoravský kraj
61400,Jihomoravský kraj
61500,Jihomoravský kraj
61600,Jihomoravský kraj
61700,Jihomoravský kraj
61800,Jihomoravský kraj
61900,Jihomoravský kraj
62000,Jihomoravský kraj
62100,Jihomoravský kraj
62300,Jihomoravský kraj
62400,Jihomoravský kraj
62500,Jihomoravský kraj
62700,Jihomoravský kraj
62800,Jihomoravský kraj
63400,Jihomoravský kraj
63500,Jihomoravský kraj
63600,Jihomoravský kraj
63700,Jihomoravský kraj
63800,Jihomoravský kraj
63900,Jihomoravský kraj
64100,Jihomoravský kraj
64200,Jihomoravský kraj
64300,Jihomoravský kraj
64400,Jihomoravský kraj
66401,Jihomoravský kraj
66402,Jihomoravský kraj
66403,Jihomoravský kraj
66404,Jihomoravský kraj
66405,Jihomoravský kraj
66406,Jihomoravský kraj
66407,Jihomoravský kraj
66408,Jihomoravský kraj
66411,Jihomoravský kraj
66412,Jihomoravský kraj
66417,Jihomoravský kraj
66423,Jihomoravský kraj
66424,Jihomoravský kraj
66431,Jihomoravský kraj
66432,Jihomoravský kraj
66434,Jihomoravský kraj
66441,Jihomoravský kraj
66442,Jihomoravský kraj
66443,Jihomoravský kraj
66444,Jihomoravský kraj
66446,Jihomoravský kraj
66447,Jihomoravský kraj
66448,Jihomoravský kraj
66449,Jihomoravský kraj
66451,Jihomoravský kraj
66452,Jihomoravský kraj
66453,Jihomoravský kraj
66454,Jihomoravský kraj
66455,Jihomoravský kraj
66456,Jihomoravský kraj
66457,Jihomoravský kraj
66458,Jihomoravský kraj
66459,Jihomoravský kraj
66461,Jihomoravský kraj
66462,Jihomoravský kraj
66463,Jihomoravský kraj
66464,Jihomoravský kraj
66465,Jihomoravský kraj
66466,Jihomoravský kraj
66467,Jihomoravský kraj
66471,Jihomoravský kraj
66475,Jihomoravský kraj
66481,Jihomoravský kraj
66482,Jihomoravský kraj
66483,Jihomoravský kraj
66484,Jihomoravský kraj
66488,Jihomoravský kraj
66491,Jihomoravský kraj
66501,Jihomoravský kraj
66601,Jihomoravský kraj
66602,Jihomoravský kraj
66603,Jihomoravský kraj
66701,Jihomoravský kraj
66902,Jihomoravský kraj
66904,Jihomoravský kraj
67101,Jihomoravský kraj
67102,Jihomoravský kraj
67103,Jihomoravský kraj
67106,Jihomoravský kraj
67107,Jihomoravský kraj
67110,Jihomoravský kraj
67122,Jihomoravský kraj
67124,Jihomoravský kraj
67125,Jihomoravský kraj
67126,Jihomoravský kraj
67127,Jihomoravský kraj
67128,Jihomoravský kraj
67129,Jihomoravský kraj
67131,Jihomoravský kraj
67132,Jihomoravský kraj
67133,Jihomoravský kraj
67134,Jihomoravský kraj
67138,Jihomoravský kraj
67139,Jihomoravský kraj
67140,Jihomoravský kraj
67142,Jihomoravský kraj
67151,Jihomoravský kraj
67152,Jihomoravský kraj
67153,Jihomoravský kraj
67154,Jihomoravský kraj
67155,Jihomoravský kraj
67156,Jihomoravský kraj
67161,Jihomoravský kraj
67162,Jihomoravský kraj
67163,Jihomoravský kraj
67164,Jihomoravský kraj
67165,Jihomoravský kraj
67167,Jihomoravský kraj
67168,Jihomoravský kraj
67169,Jihomoravský kraj
67171,Jihomoravský kraj
67172,Jihomoravský kraj
67173,Jihomoravský kraj
67175,Jihomoravský kraj
67176,Jihomoravský kraj
67177,Jihomoravský kraj
67178,Jihomoravský kraj
67181,Jihomoravský kraj
67182,Jihomoravský kraj
67201,Jihomoravský kraj
67401,Kraj Vysočina
67501,Kraj Vysočina
67502,Kraj Vysočina
67503,Kraj Vysočina
67504,Kraj Vysočina
67505,Kraj Vysočina
67506,Kraj Vysočina
67507,Kraj Vysočina
67508,Kraj Vysočina
67521,Kraj Vysočina
67522,Kraj Vysočina
67523,Kraj Vysočina
67524,Kraj Vysočina
67525,Kraj Vysočina
67526,Kraj Vysočina
67527,Kraj Vysočina
67528,Kraj Vysočina
67529,Kraj Vysočina
67531,Kraj Vysočina
67532,Kraj Vysočina
67533,Kraj Vysočina
67534,Kraj Vysočina
67541,Kraj Vysočina
67542,Kraj Vysočina
67543,Kraj Vysočina
67544,Kraj Vysočina
67545,Kraj Vysočina
67550,Kraj Vysočina
67551,Kraj Vysočina
67552,Kraj Vysočina
67553,Kraj Vysočina
67554,Kraj Vysočina
67555,Kraj Vysočina
67556,Kraj Vysočina
67557,Kraj Vysočina
67559,Kraj Vysočina
67560,Kraj Vysočina
67571,Kraj Vysočina
67573,Kraj Vysočina
67574,Kraj Vysočina
67575,Jihomoravský kraj
67575,Kraj Vysočina
67576,Kraj Vysočina
67577,Kraj Vysočina
67578,Kraj Vysočina
67579,Kraj Vysočina
67602,Kraj Vysočina
67801,Jihomoravský kraj
67901,Jihomoravský kraj
67902,Jihomoravský kraj
67903,Jihomoravský kraj
67904,Jihomoravský kraj
67905,Jihomoravský kraj
67906,Jihomoravský kraj
67907,Jihomoravský kraj
67911,Jihomoravský kraj
67913,Jihomoravský kraj
67914,Jihomoravský kraj
67915,Jihomoravský kraj
67921,Jihomoravský kraj
67922,Jihomoravský kraj
67923,Jihomoravský kraj
67924,Jihomoravský kraj
67931,Jihomoravský kraj
67932,Jihomoravský kraj
67933,Jihomoravský kraj
67934,Jihomoravský kraj
67935,Jihomoravský kraj
67936,Jihomoravský kraj
67937,Jihomoravský kraj
67938,Jihomoravský kraj
67939,Jihomoravský kraj
67951,Jihomoravský kraj
67952,Jihomoravský kraj
67953,Jihomoravský kraj
67961,Jihomoravský kraj
67962,Jihomoravský kraj
67963,Jihomoravský kraj
67971,Jihomoravský kraj
67972,Jihomoravský kraj
67973,Jihomoravský kraj
67974,Jihomoravský kraj
67975,Jihomoravský kraj
67976,Jihomoravský kraj
68001,Jihomoravský kraj
68201,Jihomoravský kraj
68301,Jihomoravský kraj
68303,Jihomoravský kraj
68304,Jihomoravský kraj
68305,Jihomoravský kraj
68308,Jihomoravský kraj
68321,Jihomoravský kraj
68323,Jihomoravský kraj
68333,Jihomoravský kraj
68335,Jihomoravský kraj
68341,Jihomoravský kraj
68351,Jihomoravský kraj
68352,Jihomoravský kraj
68354,Jihomoravský kraj
68401,Jihomoravský kraj
68501,Jihomoravský kraj
68601,Zlínský kraj
68603,Zlínský kraj
68604,Zlínský kraj
68605,Zlínský kraj
68606,Zlínský kraj
68609,Zlínský kraj
68703,Zlínský kraj
68704,Zlínský kraj
68705,Zlínský kraj
68706,Zlínský kraj
68707,Zlínský kraj
68708,Zlínský kraj
68709,Zlínský kraj
68710,Zlínský kraj
68711,Zlínský kraj
68712,Zlínský kraj
68713,Zlínský kraj
68722,Zlínský kraj
68723,Zlínský kraj
68724,Zlínský kraj
68725,Zlínský kraj
68731,Zlínský kraj
68732,Zlínský kraj
68733,Zlínský kraj
68734,Zlínský kraj
68737,Zlínský kraj
68738,Zlínský kraj
68741,Zlínský kraj
68742,Zlínský kraj
68751,Zlínský kraj
68752,Zlínský kraj
68753,Zlínský kraj
68754,Zlínský kraj
68755,Zlínský kraj
68756,Zlínský kraj
68761,Zlínský kraj
68762,Zlínský kraj
68763,Zlínský kraj
68764,Zlínský kraj
68765,Zlínský kraj
68766,Zlínský kraj
68767,Zlínský kraj
68771,Zlínský kraj
68774,Zlínský kraj
68801,Zlínský kraj
69002,Jihomoravský kraj
69003,Jihomoravský kraj
69006,Jihomoravský kraj
69101,Jihomoravský kraj
69102,Jihomoravský kraj
69103,Jihomoravský kraj
69104,Jihomoravský kraj
69105,Jihomoravský kraj
69106,Jihomoravský kraj
69107,Jihomoravský kraj
69108,Jihomoravský kraj
69109,Jihomoravský kraj
69110,Jihomoravský kraj
69111,Jihomoravský kraj
69112,Jihomoravský kraj
69121,Jihomoravský kraj
69122,Jihomoravský kraj
69123,Jihomoravský kraj
69124,Jihomoravský kraj
69125,Jihomoravský kraj
69126,Jihomoravský kraj
69127,Jihomoravský kraj
69129,Jihomoravský kraj
69130,Jihomoravský kraj
69141,Jihomoravský kraj
69142,Jihomoravský kraj
69143,Jihomoravský kraj
69144,Jihomoravský kraj
69145,Jihomoravský kraj
69146,Jihomoravský kraj
69151,Jihomoravský kraj
69152,Jihomoravský kraj
69153,Jihomoravský kraj
69154,Jihomoravský kraj
69155,Jihomoravský kraj
69156,Jihomoravský kraj
69162,Jihomoravský kraj
69163,Jihomoravský kraj
69164,Jihomoravský kraj
69165,Jihomoravský kraj
69167,Jihomoravský kraj
69168,Jihomoravský kraj
69171,Jihomoravský kraj
69172,Jihomoravský kraj
69173,Jihomoravský kraj
69174,Jihomoravský kraj
69175,Jihomoravský kraj
69176,Jihomoravský kraj
69181,Jihomoravský kraj
69182,Jihomoravský kraj
69183,Jihomoravský kraj
69185,Jihomoravský kraj
69186,Jihomoravský kraj
69188,Jihomoravský kraj
69189,Jihomoravský kraj
69201,Jihomoravský kraj
69301,Jihomoravský kraj
69501,Jihomoravský kraj
69601,Jihomoravský kraj
69602,Jihomoravský kraj
69603,Jihomoravský kraj
69604,Jihomoravský kraj
69605,Jihomoravský kraj
69606,Jihomoravský kraj
69611,Jihomoravský kraj
69612,Jihomoravský kraj
69613,Jihomoravský kraj
69614,Jihomoravský kraj
69615,Jihomoravský kraj
69616,Jihomoravský kraj
69617,Jihomoravský kraj
69618,Jihomoravský kraj
69619,Jihomoravský kraj
69621,Jihomoravský kraj
69631,Jihomoravský kraj
69632,Jihomoravský kraj
69633,Jihomoravský kraj
69634,Jihomoravský kraj
69635,Jihomoravský kraj
69636,Jihomoravský kraj
69637,Jihomoravský kraj
69638,Jihomoravský kraj
69639,Jihomoravský kraj
69641,Jihomoravský kraj
69642,Jihomoravský kraj
69647,Jihomoravský kraj
69648,Jihomoravský kraj
69649,Jihomoravský kraj
69650,Jihomoravský kraj
69651,Jihomoravský kraj
69655,Jihomoravský kraj
69661,Jihomoravský kraj
69662,Jihomoravský kraj
69663,Jihomoravský kraj
69664,Jihomoravský kraj
69665,Jihomoravský kraj
69666,Jihomoravský kraj
69667,Jihomoravský kraj
69671,Jihomoravský kraj
69672,Jihomoravský kraj
69673,Jihomoravský kraj
69674,Jihomoravský kraj
69676,Jihomoravský kraj
69681,Jihomoravský kraj
69683,Jihomoravský kraj
69684,Jihomoravský kraj
69685,Jihomoravský kraj
69701,Jihomoravský kraj
69801,Jihomoravský kraj
70030,Moravskoslezský kraj
70200,Moravskoslezský kraj
70300,Moravskoslezský kraj
70800,Moravskoslezský kraj
70900,Moravskoslezský kraj
71000,Moravskoslezský kraj
71100,Moravskoslezský kraj
71200,Moravskoslezský kraj
71300,Moravskoslezský kraj
71500,Moravskoslezský kraj
71600,Moravskoslezský kraj
71700,Moravskoslezský kraj
71800,Moravskoslezský kraj
71900,Moravskoslezský kraj
72000,Moravskoslezský kraj
72100,Moravskoslezský kraj
72200,Moravskoslezský kraj
72300,Moravskoslezský kraj
72400,Moravskoslezský kraj
72525,Moravskoslezský kraj
72526,Moravskoslezský kraj
72527,Moravskoslezský kraj
72528,Moravskoslezský kraj
72529,Moravskoslezský kraj
73301,Moravskoslezský kraj
73401,Moravskoslezský kraj
73503,Moravskoslezský kraj
73506,Moravskoslezský kraj
73511,Moravskoslezský kraj
73514,Moravskoslezský kraj
73531,Moravskoslezský kraj
73532,Moravskoslezský kraj
73533,Moravskoslezský kraj
73534,Moravskoslezský kraj
73535,Moravskoslezský kraj
73541,Moravskoslezský kraj
73542,Moravskoslezský kraj
73543,Moravskoslezský kraj
73551,Moravskoslezský kraj
73552,Moravskoslezský kraj
73553,Moravskoslezský kraj
73561,Moravskoslezský kraj
73562,Moravskoslezský kraj
73564,Moravskoslezský kraj
73571,Moravskoslezský kraj
73572,Moravskoslezský kraj
73581,Moravskoslezský kraj
73601,Moravskoslezský kraj
73701,Moravskoslezský kraj
73801,Moravskoslezský kraj
73901,Moravskoslezský kraj
73904,Moravskoslezský kraj
73911,Moravskoslezský kraj
73912,Moravskoslezský kraj
73913,Moravskoslezský kraj
73914,Moravskoslezský kraj
73915,Moravskoslezský kraj
73921,Moravskoslezský kraj
73923,Moravskoslezský kraj
73924,Moravskoslezský kraj
73925,Moravskoslezský kraj
73932,Moravskoslezský kraj
73934,Moravskoslezský kraj
73936,Moravskoslezský kraj
73937,Moravskoslezský kraj
73938,Moravskoslezský kraj
73939,Moravskoslezský kraj
73941,Moravskoslezský kraj
73942,Moravskoslezský kraj
73943,Moravskoslezský kraj
73944,Moravskoslezský kraj
73945,Moravskoslezský kraj
73946,Moravskoslezský kraj
73947,Moravskoslezský kraj
73949,Moravskoslezský kraj
73951,Moravskoslezský kraj
73953,Moravskoslezský kraj
73955,Moravskoslezský kraj
73959,Moravskoslezský kraj
73961,Moravskoslezský kraj
73981,Moravskoslezský kraj
73984,Moravskoslezský kraj
73985,Moravskoslezský kraj
73991,Moravskoslezský kraj
73992,Moravskoslezský kraj
73994,Moravskoslezský kraj
73995,Moravskoslezský kraj
73997,Moravskoslezský kraj
73998,Moravskoslezský kraj
74101,Moravskoslezský kraj
74201,Moravskoslezský kraj
74213,Moravskoslezský kraj
74221,Moravskoslezský kraj
74231,Moravskoslezský kraj
74233,Moravskoslezský kraj
74235,Moravskoslezský kraj
74236,Moravskoslezský kraj
74237,Moravskoslezský kraj
74242,Moravskoslezský kraj
74243,Moravskoslezský kraj
74245,Moravskoslezský kraj
74247,Moravskoslezský kraj
74251,Moravskoslezský kraj
74253,Moravskoslezský kraj
74254,Moravskoslezský kraj
74255,Moravskoslezský kraj
74256,Moravskoslezský kraj
74257,Moravskoslezský kraj
74258,Moravskoslezský kraj
74260,Moravskoslezský kraj
74265,Moravskoslezský kraj
74266,Moravskoslezský kraj
74267,Moravskoslezský kraj
74271,Moravskoslezský kraj
74272,Moravskoslezský kraj
74273,Moravskoslezský kraj
74274,Moravskoslezský kraj
74275,Moravskoslezský kraj
74281,Moravskoslezský kraj
74282,Moravskoslezský kraj
74283,Moravskoslezský kraj
74285,Moravskoslezský kraj
74291,Moravskoslezský kraj
74292,Moravskoslezský kraj
74293,Moravskoslezský kraj
74301,Moravskoslezský kraj
74401,Moravskoslezský kraj
74601,Moravskoslezský kraj
74705,Moravskoslezský kraj
74706,Moravskoslezský kraj
74707,Moravskoslezský kraj
74711,Moravskoslezský kraj
74714,Moravskoslezský kraj
74715,Moravskoslezský kraj
74716,Moravskoslezský kraj
74717,Moravskoslezský kraj
74718,Moravskoslezský kraj
74719,Moravskoslezský kraj
74720,Moravskoslezský kraj
74721,Moravskoslezský kraj
74722,Moravskoslezský kraj
74723,Moravskoslezský kraj
74724,Moravskoslezský kraj
74725,Moravskoslezský kraj
74727,Moravskoslezský kraj
74728,Moravskoslezský kraj
74731,Moravskoslezský kraj
74733,Moravskoslezský kraj
74735,Moravskoslezský kraj
74741,Moravskoslezský kraj
74743,Moravskoslezský kraj
74744,Moravskoslezský kraj
74745,Moravskoslezský kraj
74747,Moravskoslezský kraj
74751,Moravskoslezský kraj
74752,Moravskoslezský kraj
74753,Moravskoslezský kraj
74754,Moravskoslezský kraj
74755,Moravskoslezský kraj
74756,Moravskoslezský kraj
74757,Moravskoslezský kraj
74761,Moravskoslezský kraj
74762,Moravskoslezský kraj
74763,Moravskoslezský kraj
74764,Moravskoslezský kraj
74766,Moravskoslezský kraj
74767,Moravskoslezský kraj
74768,Moravskoslezský kraj
74769,Moravskoslezský kraj
74770,Moravskoslezský kraj
74771,Moravskoslezský kraj
74773,Moravskoslezský kraj
74774,Moravskoslezský kraj
74775,Moravskoslezský kraj
74781,Moravskoslezský kraj
74782,Moravskoslezský kraj
74784,Moravskoslezský kraj
74786,Moravskoslezský kraj
74787,Moravskoslezský kraj
74791,Moravskoslezský kraj
74792,Moravskoslezský kraj
74794,Moravskoslezský kraj
74795,Moravskoslezský kraj
74801,Moravskoslezský kraj
74901,Moravskoslezský kraj
75002,Olomoucký kraj
75101,Olomoucký kraj
75102,Olomoucký kraj
75103,Olomoucký kraj
75104,Olomoucký kraj
75105,Olomoucký kraj
75111,Olomoucký kraj
75114,Olomoucký kraj
75115,Olomoucký kraj
75116,Olomoucký kraj
75117,Olomoucký kraj
75118,Olomoucký kraj
75119,Olomoucký kraj
75121,Olomoucký kraj
75122,Olomoucký kraj
75123,Olomoucký kraj
75124,Olomoucký kraj
75125,Olomoucký kraj
75127,Olomoucký kraj
75131,Olomoucký kraj
75144,Olomoucký kraj
75201,Olomoucký kraj
75301,Olomoucký kraj
75352,Olomoucký kraj
75353,Olomoucký kraj
75354,Olomoucký kraj
75355,Olomoucký kraj
75356,Olomoucký kraj
75361,Olomoucký kraj
75362,Olomoucký kraj
75363,Olomoucký kraj
75364,Olomoucký kraj
75365,Olomoucký kraj
75366,Olomoucký kraj
75367,Olomoucký kraj
75368,Olomoucký kraj
75501,Zlínský kraj
75601,Zlínský kraj
75602,Zlínský kraj
75603,Zlínský kraj
75604,Zlínský kraj
75605,Zlínský kraj
75606,Zlínský kraj
75607,Zlínský kraj
75611,Zlínský kraj
75612,Zlínský kraj
75614,Zlínský kraj
75621,Zlínský kraj
75622,Zlínský kraj
75623,Zlínský kraj
75624,Zlínský kraj
75625,Zlínský kraj
75627,Zlínský kraj
75631,Zlínský kraj
75641,Zlínský kraj
75642,Zlínský kraj
75643,Zlínský kraj
75644,Zlínský kraj
75645,Zlínský kraj
75651,Zlínský kraj
75652,Zlínský kraj
75653,Zlínský kraj
75654,Zlínský kraj
75655,Zlínský kraj
75656,Zlínský kraj
75657,Zlínský kraj
75661,Zlínský kraj
75662,Zlínský kraj
75663,Zlínský kraj
75701,Zlínský kraj
76001,Zlínský kraj
76005,Zlínský kraj
76301,Zlínský kraj
76302,Zlínský kraj
76307,Zlínský kraj
76310,Zlínský kraj
76311,Zlínský kraj
76312,Zlínský kraj
76313,Zlínský kraj
76314,Zlínský kraj
76315,Zlínský kraj
76316,Zlínský kraj
76317,Zlínský kraj
76318,Zlínský kraj
76319,Zlínský kraj
76321,Zlínský kraj
76323,Zlínský kraj
76324,Zlínský kraj
76325,Zlínský kraj
76326,Zlínský kraj
76331,Zlínský kraj
76332,Zlínský kraj
76333,Zlínský kraj
76334,Zlínský kraj
76341,Zlínský kraj
76345,Zlínský kraj
76351,Zlínský kraj
76361,Zlínský kraj
76362,Zlínský kraj
76363,Zlínský kraj
76364,Zlínský kraj
76502,Zlínský kraj
76601,Zlínský kraj
76701,Zlínský kraj
76801,Zlínský kraj
76802,Zlínský kraj
76803,Zlínský kraj
76804,Zlínský kraj
76805,Zlínský kraj
76811,Zlínský kraj
76812,Zlínský kraj
76813,Zlínský kraj
76821,Zlínský kraj
76823,Zlínský kraj
76824,Zlínský kraj
76831,Zlínský kraj
76832,Zlínský kraj
76833,Zlínský kraj
76834,Zlínský kraj
76841,Zlínský kraj
76842,Zlínský kraj
76843,Zlínský kraj
76852,Zlínský kraj
76861,Zlínský kraj
76871,Zlínský kraj
76872,Zlínský kraj
76875,Zlínský kraj
76901,Zlínský kraj
77900,Olomoucký kraj
78301,Olomoucký kraj
78305,Olomoucký kraj
78306,Olomoucký kraj
78307,Olomoucký kraj
78313,Olomoucký kraj
78314,Olomoucký kraj
78316,Olomoucký kraj
78321,Olomoucký kraj
78322,Olomoucký kraj
78324,Olomoucký kraj
78325,Olomoucký kraj
78332,Olomoucký kraj
78333,Olomoucký kraj
78335,Olomoucký kraj
78336,Olomoucký kraj
78342,Olomoucký kraj
78344,Olomoucký kraj
78345,Olomoucký kraj
78346,Olomoucký kraj
78347,Olomoucký kraj
78349,Olomoucký kraj
78353,Olomoucký kraj
78354,Olomoucký kraj
78355,Olomoucký kraj
78356,Olomoucký kraj
78357,Olomoucký kraj
78361,Olomoucký kraj
78365,Olomoucký kraj
78372,Olomoucký kraj
78373,Olomoucký kraj
78375,Olomoucký kraj
78383,Olomoucký kraj
78385,Olomoucký kraj
78386,Moravskoslezský kraj
78386,Olomoucký kraj
78391,Olomoucký kraj
78396,Olomoucký kraj
78397,Olomoucký kraj
78401,Olomoucký kraj
78501,Olomoucký kraj
78701,Olomoucký kraj
78801,Olomoucký kraj
78803,Olomoucký kraj
78804,Olomoucký kraj
78805,Olomoucký kraj
78811,Olomoucký kraj
78813,Olomoucký kraj
78814,Olomoucký kraj
78815,Olomoucký kraj
78816,Olomoucký kraj
78820,Olomoucký kraj
78821,Olomoucký kraj
78823,Olomoucký kraj
78825,Olomoucký kraj
78832,Olomoucký kraj
78833,Olomoucký kraj
78833,Pardubický kraj
78901,Olomoucký kraj
78961,Olomoucký kraj
78962,Olomoucký kraj
78963,Olomoucký kraj
78964,Olomoucký kraj
78969,Olomoucký kraj
78971,Olomoucký kraj
78972,Olomoucký kraj
78973,Olomoucký kraj
78974,Olomoucký kraj
78975,Olomoucký kraj
78982,Olomoucký kraj
78983,Olomoucký kraj
78985,Olomoucký kraj
78991,Olomoucký kraj
79001,Olomoucký kraj
79051,Olomoucký kraj
79052,Olomoucký kraj
79053,Olomoucký kraj
79054,Olomoucký kraj
79055,Olomoucký kraj
79057,Olomoucký kraj
79058,Olomoucký kraj
79061,Olomoucký kraj
79063,Olomoucký kraj
79064,Olomoucký kraj
79065,Olomoucký kraj
79069,Olomoucký kraj
79070,Olomoucký kraj
79081,Olomoucký kraj
79082,Olomoucký kraj
79084,Olomoucký kraj
79201,Moravskoslezský kraj
79302,Moravskoslezský kraj
79303,Moravskoslezský kraj
79305,Moravskoslezský kraj
79305,Olomoucký kraj
79312,Moravskoslezský kraj
79315,Moravskoslezský kraj
79316,Moravskoslezský kraj
79323,Moravskoslezský kraj
79324,Moravskoslezský kraj
79326,Moravskoslezský kraj
79331,Moravskoslezský kraj
79336,Moravskoslezský kraj
79342,Moravskoslezský kraj
79344,Moravskoslezský kraj
79351,Moravskoslezský kraj
79351,Olomoucký kraj
79356,Moravskoslezský kraj
79368,Moravskoslezský kraj
79371,Moravskoslezský kraj
79374,Moravskoslezský kraj
79376,Olomoucký kraj
79382,Moravskoslezský kraj
79383,Moravskoslezský kraj
79384,Moravskoslezský kraj
79391,Moravskoslezský kraj
79393,Moravskoslezský kraj
79395,Moravskoslezský kraj
79397,Moravskoslezský kraj
79399,Moravskoslezský kraj
79401,Moravskoslezský kraj
79501,Moravskoslezský kraj
79601,Olomoucký kraj
79603,Olomoucký kraj
79604,Olomoucký kraj
79607,Olomoucký kraj
79802,Olomoucký kraj
79803,Olomoucký kraj
79804,Olomoucký kraj
79805,Olomoucký kraj
79806,Olomoucký kraj
79807,Olomoucký kraj
79808,Olomoucký kraj
79809,Olomoucký kraj
79811,Olomoucký kraj
79812,Olomoucký kraj
79813,Olomoucký kraj
79814,Olomoucký kraj
79816,Olomoucký kraj
79817,Olomoucký kraj
79821,Olomoucký kraj
79823,Olomoucký kraj
79824,Olomoucký kraj
79825,Olomoucký kraj
79826,Olomoucký kraj
79827,Olomoucký kraj
79828,Olomoucký kraj
79829,Olomoucký kraj
79830,Olomoucký kraj
79841,Olomoucký kraj
79842,Olomoucký kraj
79843,Olomoucký kraj
79844,Olomoucký kraj
79845,Olomoucký kraj
79846,Olomoucký kraj
79847,Olomoucký kraj
79848,Olomoucký kraj
79849,Olomoucký kraj
79851,Olomoucký kraj
79852,Olomoucký kraj
79853,Olomoucký kraj
79854,Olomoucký kraj
79855,Olomoucký kraj
79856,Olomoucký kraj
79857,Olomoucký kraj
79858,Olomoucký kraj
79861,Olomoucký kraj
79862,Olomoucký kraj
